{
  "appId": "my-awesome-app",
  "appName": "My Awesome Application",
  "appDescription": "This is a test application for end-to-end testing.",
  "suites": [
    {
      "name": "SampleTestSuite",
      "description": "A sample test suite for demonstration",
      "tags": [
        "sanity",
        "example"
      ],
      "startTime": 1744357337865,
      "endTime": 1744357337932,
      "tests": {
        "test2": {
          "name": "sample_test2",
          "description": "Some awesome test case 2",
          "tags": [
            "test2",
            "regression"
          ],
          "startTime": 1744357337918,
          "endTime": 1744357337915,
          "logs": [
            {
              "message": "HEllo",
              "status": "INFO"
            },
            {
              "message": "Sample Log Message - Step 1",
              "status": "PASS"
            },
            {
              "message": "Sample Log Message - Step 2",
              "status": "INFO"
            },
            {
              "message": "Sample Log Message - Step 3",
              "status": "FAIL"
            }
          ]
        },
        "test1" : {
          "name": "sample_testl",
          "description": "Some awesome test case",
          "tags": [
            "test1",
            "sanity"
          ],
          "startTime": 1744357337926,
          "endTime": 1744357337926,
          "Logs": [
            {
              "message": "HEllo",
              "status": "INFO"
            },
            {
              "message": "Another Log Message - Step A",
              "status": "PASS"
            },
            {
              "message":"Another Log Message - Step B",
              "status": "SKIP"
            }
          ]
        }
      }
    }

  ],
  "customData": {
    "data1": "someValue",
    "data2" : "someValue",
    "data3" : {
      "property1" : "value1",
      "property2" : "value2",
      "items" : [1,2,3,4]
    }
  }
}